,url_total
0,https://www.visitingangels.com/senior-homecare-auburn-new-hampshire-03032_1316
1,https://www.visitingangels.com/senior-homecare-claremont-new-hampshire-03743_1134
2,https://www.visitingangels.com/senior-homecare-gilford-new-hampshire-03249_1317
3,https://www.visitingangels.com/senior-homecare-nashua-new-hampshire-03060_575
4,https://www.visitingangels.com/senior-homecare-stratham-new-hampshire-03885_1275
5,https://www.visitingangels.com/senior-homecare-bayonne-new-jersey-07002_966
6,https://www.visitingangels.com/senior-homecare-brick-new-jersey-08723_1198
7,https://www.visitingangels.com/senior-homecare-caldwell-new-jersey-07006_514
8,https://www.visitingangels.com/senior-homecare-cherry-hill-new-jersey-08003_1221
9,https://www.visitingangels.com/senior-homecare-egg-harbor-twp-new-jersey-08234_308
10,https://www.visitingangels.com/senior-homecare-fort-lee-new-jersey-07024_962
11,https://www.visitingangels.com/senior-homecare-hillsborough-new-jersey-08844_742
12,https://www.visitingangels.com/senior-homecare-hoboken-new-jersey-07030_701
13,https://www.visitingangels.com/senior-homecare-lawrenceville-new-jersey-08648_458
14,https://www.visitingangels.com/senior-homecare-mantua-township-new-jersey-08051_480
15,https://www.visitingangels.com/senior-homecare-marmora-new-jersey-08223_674
16,https://www.visitingangels.com/senior-homecare-matawan-new-jersey-07747_1132
17,https://www.visitingangels.com/senior-homecare-morristown-new-jersey-07960_71
18,https://www.visitingangels.com/senior-homecare-ramsey-new-jersey-07446_683
19,https://www.visitingangels.com/senior-homecare-red-bank-new-jersey-07701_223
20,https://www.visitingangels.com/senior-homecare-scotch-plains-new-jersey-07076_1225
21,https://www.visitingangels.com/senior-homecare-sparta-new-jersey-07871_690
22,https://www.visitingangels.com/senior-homecare-springfield-new-jersey-07081_389
23,https://www.visitingangels.com/senior-homecare-wall-new-jersey-07719_908
24,https://www.visitingangels.com/senior-homecare-wayne-new-jersey-07470_782
25,https://www.visitingangels.com/senior-homecare-willingboro-new-jersey-08046_532
26,https://www.visitingangels.com/senior-homecare-albuquerque-new-mexico-87110_881
27,https://www.visitingangels.com/senior-homecare-farmington-new-mexico-87401_1059
28,https://www.visitingangels.com/senior-homecare-las-cruces-new-mexico-88001_1263
29,https://www.visitingangels.com/senior-homecare-roswell-new-mexico-88203_928
30,https://www.visitingangels.com/senior-homecare-santa-fe-new-mexico-87505_944
31,https://www.visitingangels.com/senior-homecare-amarillo-texas-79106_923
32,https://www.visitingangels.com/senior-homecare-horseheads-new-york-14845_1020
33,https://www.visitingangels.com/senior-homecare-albany-new-york-12205_714
34,https://www.visitingangels.com/senior-homecare-white-plains-new-york-10604_867
35,https://www.visitingangels.com/senior-homecare-asheville-north-carolina-28806_1104
36,https://www.visitingangels.com/senior-homecare-burlington-north-carolina-27215_1212
37,https://www.visitingangels.com/senior-homecare-carrboro-north-carolina-27510_1172
38,https://www.visitingangels.com/senior-homecare-charlotte-north-carolina-28262_69
39,https://www.visitingangels.com/senior-homecare-southern-charlotte-north-carolina-28270_719
40,https://www.visitingangels.com/senior-homecare-cornelius-north-carolina-28031_705
41,https://www.visitingangels.com/senior-homecare-durham-north-carolina-27713_1287
42,https://www.visitingangels.com/senior-homecare-elizabeth-city-north-carolina-27909_1327
43,https://www.visitingangels.com/senior-homecare-fayetteville-north-carolina-28303_1099
44,https://www.visitingangels.com/senior-homecare-gastonia-north-carolina-28054_1224
45,https://www.visitingangels.com/senior-homecare-greensboro-north-carolina-27409_615
46,https://www.visitingangels.com/senior-homecare-greenville-north-carolina-27858_603
47,https://www.visitingangels.com/senior-homecare-jacksonville-north-carolina-28540_1196
48,https://www.visitingangels.com/senior-homecare-lenoir-north-carolina-28645_1292
49,https://www.visitingangels.com/senior-homecare-raleigh-north-carolina-27609_68
50,https://www.visitingangels.com/senior-homecare-wilmington-north-carolina-28403_1034
51,https://www.visitingangels.com/senior-homecare-winston-salem-north-carolina-27103_848
52,https://www.visitingangels.com/senior-homecare-minot-north-dakota-58701_981
53,https://www.visitingangels.com/senior-homecare-east-providence-rhode-island-02914_605
54,https://www.visitingangels.com/senior-homecare-warwick-rhode-island-02886_1195
55,https://www.visitingangels.com/senior-homecare-aiken-south-carolina-29803_885
56,https://www.visitingangels.com/senior-homecare-anderson-south-carolina-29625_766
57,https://www.visitingangels.com/senior-homecare-bluffton-south-carolina-29910_784
58,https://www.visitingangels.com/senior-homecare-columbia-south-carolina-29223_1235
59,https://www.visitingangels.com/senior-homecare-duncan-south-carolina-29334_1035
60,https://www.visitingangels.com/senior-homecare-greenville-south-carolina-29607_213
61,https://www.visitingangels.com/senior-homecare-indian-land-south-carolina-29707_1233
62,https://www.visitingangels.com/senior-homecare-mt-pleasant-south-carolina-29464_1011
63,https://www.visitingangels.com/senior-homecare-myrtle-beach-south-carolina-29577_967
64,https://www.visitingangels.com/senior-homecare-rock-hill-south-carolina-29732_750
65,https://www.visitingangels.com/senior-homecare-summerville-south-carolina-29485_970
66,https://www.visitingangels.com/senior-homecare-sumter-south-carolina-29150_1234
67,https://www.visitingangels.com/senior-homecare-sioux-falls-south-dakota-57110_989
68,https://www.visitingangels.com/senior-homecare-sioux-city-iowa-51108_945
69,https://www.visitingangels.com/senior-homecare-barboursville-west-virginia-25504_1147
70,https://www.visitingangels.com/senior-homecare-bridgeport-west-virginia-26330_128
71,https://www.visitingangels.com/senior-homecare-morgantown-west-virginia-26508_723
72,https://www.visitingangels.com/senior-homecare-s-charleston-west-virginia-25303_779
73,https://www.visitingangels.com/senior-homecare-weirton-west-virginia-26062_1215
74,https://www.visitingangels.com/senior-homecare-wheeling-west-virginia-26003_601
75,https://www.visitingangels.com/senior-homecare-washington-district-of-columbia-20012_1173
76,https://www.visitingangels.com/senior-homecare-bethesda-maryland-20814_999
77,https://www.visitingangels.com/senior-homecare-bellevue-nebraska-68005_1063
78,https://www.visitingangels.com/senior-homecare-lincoln-nebraska-68510_1076
79,https://www.visitingangels.com/senior-homecare-norfolk-nebraska-68701_1251
80,https://www.visitingangels.com/senior-homecare-sioux-city-iowa-51108_945
81,https://www.visitingangels.com/senior-homecare-benton-arkansas-72019_1262
82,https://www.visitingangels.com/senior-homecare-conway-arkansas-72032_1109
83,https://www.visitingangels.com/senior-homecare-fort-smith-arkansas-72901_1322
84,https://www.visitingangels.com/senior-homecare-hot-springs-arkansas-71901_1116
85,https://www.visitingangels.com/senior-homecare-jonesboro-arkansas-72401_619
86,https://www.visitingangels.com/senior-homecare-little-rock-arkansas-72211_591
87,https://www.visitingangels.com/senior-homecare-lowell-arkansas-72745_1321
88,https://www.visitingangels.com/senior-homecare-anniston-alabama-36207_1138
89,https://www.visitingangels.com/senior-homecare-birmingham-alabama-35235_911
90,https://www.visitingangels.com/senior-homecare-south-birmingham-alabama-35216_1257
91,https://www.visitingangels.com/senior-homecare-cullman-alabama-35055_744
92,https://www.visitingangels.com/senior-homecare-daphne-alabama-36526_1008
93,https://www.visitingangels.com/senior-homecare-florence-alabama-35630_1155
94,https://www.visitingangels.com/senior-homecare-foley-alabama-36535_1191
95,https://www.visitingangels.com/senior-homecare-gadsden-alabama-35901_1067
96,https://www.visitingangels.com/senior-homecare-huntsville-alabama-35805_1036
97,https://www.visitingangels.com/senior-homecare-jasper-alabama-35501_1209
98,https://www.visitingangels.com/senior-homecare-mobile-alabama-36608_1082
99,https://www.visitingangels.com/senior-homecare-montgomery-alabama-36106_919
100,https://www.visitingangels.com/senior-homecare-northport-alabama-35473_748
101,https://www.visitingangels.com/senior-homecare-columbus-georgia-31901_1071
102,https://www.visitingangels.com/senior-homecare-bradenton-florida-34207_839
103,https://www.visitingangels.com/senior-homecare-cape-coral-florida-33904_1329
104,https://www.visitingangels.com/senior-homecare-clermont-florida-34711_882
105,https://www.visitingangels.com/senior-homecare-coral-springs-florida-33071_1097
106,https://www.visitingangels.com/senior-homecare-daytona-beach-florida-32119_441
107,https://www.visitingangels.com/senior-homecare-deerfield-beach-florida-33442_562
108,https://www.visitingangels.com/senior-homecare-delray-beach-florida-33484_40
109,https://www.visitingangels.com/senior-homecare-destin-florida-32541_807
110,https://www.visitingangels.com/senior-homecare-ft-myers-florida-33916_1179
111,https://www.visitingangels.com/senior-homecare-gainesville-florida-32606_687
112,https://www.visitingangels.com/senior-homecare-south-jacksonville-florida-32217_871
113,https://www.visitingangels.com/senior-homecare-north-jacksonville-florida-32210_577
114,https://www.visitingangels.com/senior-homecare-kissimmee-florida-34741_530
115,https://www.visitingangels.com/senior-homecare-lady-lake-florida-32159_888
116,https://www.visitingangels.com/senior-homecare-lutz-florida-33559_1200
117,https://www.visitingangels.com/senior-homecare-melbourne-florida-32935_627
118,https://www.visitingangels.com/senior-homecare-miami-florida-33183_338
119,https://www.visitingangels.com/senior-homecare-naples-florida-34108_1180
120,https://www.visitingangels.com/senior-homecare-new-port-richey-florida-34652_1201
121,https://www.visitingangels.com/senior-homecare-north-fort-myers-florida-33903_1229
122,https://www.visitingangels.com/senior-homecare-north-miami-florida-33181_666
123,https://www.visitingangels.com/senior-homecare-ocala-florida-34481_367
124,https://www.visitingangels.com/senior-homecare-orlando-florida-32809_397
125,https://www.visitingangels.com/senior-homecare-pace-florida-32571_1015
126,https://www.visitingangels.com/senior-homecare-palm-beach-gardens-florida-33410_692
127,https://www.visitingangels.com/senior-homecare-palm-coast-florida-32164_37
128,https://www.visitingangels.com/senior-homecare-palm-harbor-florida-34683_33
129,https://www.visitingangels.com/senior-homecare-panama-city-florida-32405_860
130,https://www.visitingangels.com/senior-homecare-port-st-lucie-florida-34952_1242
131,https://www.visitingangels.com/senior-homecare-punta-gorda-florida-33950_1226
132,https://www.visitingangels.com/senior-homecare-sanford-florida-32771_298
133,https://www.visitingangels.com/senior-homecare-sarasota-florida-34232_816
134,https://www.visitingangels.com/senior-homecare-spring-hill-florida-34606_1176
135,https://www.visitingangels.com/senior-homecare-st-petersburg-florida-33716_371
136,https://www.visitingangels.com/senior-homecare-sun-city-center-florida-33573_211
137,https://www.visitingangels.com/senior-homecare-tallahassee-florida-32309_1296
138,https://www.visitingangels.com/senior-homecare-tampa-florida-33617_287
139,https://www.visitingangels.com/senior-homecare-northwest-hillsborough-county-florida-33624_650
140,https://www.visitingangels.com/senior-homecare-tarpon-springs-florida-34689_724
141,https://www.visitingangels.com/senior-homecare-venice-florida-34285_1259
142,https://www.visitingangels.com/senior-homecare-winter-park-florida-32789_376
143,https://www.visitingangels.com/senior-homecare-acton-massachusetts-01720_440
144,https://www.visitingangels.com/senior-homecare-boston-massachusetts-02108_1213
145,https://www.visitingangels.com/senior-homecare-chelmsford-massachusetts-01824_1144
146,https://www.visitingangels.com/senior-homecare-chelsea-massachusetts-02150_1064
147,https://www.visitingangels.com/senior-homecare-danvers-massachusetts-01915_1170
148,https://www.visitingangels.com/senior-homecare-harwich-massachusetts-02645_545
149,https://www.visitingangels.com/senior-homecare-leominster-massachusetts-01453_1167
150,https://www.visitingangels.com/senior-homecare-marshfield-massachusetts-02050_1265
151,https://www.visitingangels.com/senior-homecare-medford-massachusetts-02155_595
152,https://www.visitingangels.com/senior-homecare-milford-massachusetts-01757_916
153,https://www.visitingangels.com/senior-homecare-n-attleboro-massachusetts-02760_53
154,https://www.visitingangels.com/senior-homecare-new-bedford-massachusetts-02740_823
155,https://www.visitingangels.com/senior-homecare-newburyport-massachusetts-01950_1274
156,https://www.visitingangels.com/senior-homecare-newton-massachusetts-02458_1188
157,https://www.visitingangels.com/senior-homecare-palmer-massachusetts-01069_1302
158,https://www.visitingangels.com/senior-homecare-pittsfield-massachusetts-01201_986
159,https://www.visitingangels.com/senior-homecare-raynham-massachusetts-02767_1039
160,https://www.visitingangels.com/senior-homecare-shelburne-falls-massachusetts-01370_1184
161,https://www.visitingangels.com/senior-homecare-southbridge-massachusetts-01550_672
162,https://www.visitingangels.com/senior-homecare-sudbury-massachusetts-01776_373
163,https://www.visitingangels.com/senior-homecare-west-springfield-massachusetts-01089_51
164,https://www.visitingangels.com/senior-homecare-worcester-massachusetts-01609_321
165,https://www.visitingangels.com/senior-homecare-coeur-d39alene-idaho-83814_1266
166,https://www.visitingangels.com/senior-homecare-idaho-falls-idaho-83404_904
167,https://www.visitingangels.com/senior-homecare-meridian-idaho-83642_1056
168,https://www.visitingangels.com/senior-homecare-pocatello-idaho-83201_1022
169,https://www.visitingangels.com/senior-homecare-bountiful-utah-84010_1268
170,https://www.visitingangels.com/senior-homecare-layton-utah-84041_1267
171,https://www.visitingangels.com/senior-homecare-provo-utah-84604_1243
172,https://www.visitingangels.com/senior-homecare-salt-lake-city-utah-84124_991
173,https://www.visitingangels.com/senior-homecare-west-salt-lake-utah-84119_1102
174,https://www.visitingangels.com/senior-homecare-south-jordan-utah-84095_1161
175,https://www.visitingangels.com/senior-homecare-st-george-utah-84790_798
176,https://www.visitingangels.com/senior-homecare-arlington-heights-illinois-60005_363
177,https://www.visitingangels.com/senior-homecare-barrington-illinois-60010_971
178,https://www.visitingangels.com/senior-homecare-crystal-lake-illinois-60014_664
179,https://www.visitingangels.com/senior-homecare-dekalb-illinois-60115_589
180,https://www.visitingangels.com/senior-homecare-effingham-illinois-62401_1085
181,https://www.visitingangels.com/senior-homecare-elmwood-park-illinois-60707_383
182,https://www.visitingangels.com/senior-homecare-glen-carbon-illinois-62034_872
183,https://www.visitingangels.com/senior-homecare-libertyville-illinois-60048_1205
184,https://www.visitingangels.com/senior-homecare-naperville-illinois-60563_1237
185,https://www.visitingangels.com/senior-homecare-niles-illinois-60714_673
186,https://www.visitingangels.com/senior-homecare-northbrook-illinois-60062_1313
187,https://www.visitingangels.com/senior-homecare-okawville-illinois-62271_1177
188,https://www.visitingangels.com/senior-homecare-orland-park-illinois-60467_1073
189,https://www.visitingangels.com/senior-homecare-la-grange-illinois-60487_1175
190,https://www.visitingangels.com/senior-homecare-peoria-illinois-61615_1048
191,https://www.visitingangels.com/senior-homecare-plainfield-illinois-60544_688
192,https://www.visitingangels.com/senior-homecare-rockford-illinois-61108_1288
193,https://www.visitingangels.com/senior-homecare-savoy-illinois-61874_1310
194,https://www.visitingangels.com/senior-homecare-south-elgin-illinois-60177_1311
195,https://www.visitingangels.com/senior-homecare-springfield-illinois-62704_1098
196,https://www.visitingangels.com/senior-homecare-waterloo-illinois-62298_388
197,https://www.visitingangels.com/senior-homecare-columbia-missouri-65203_1197
198,https://www.visitingangels.com/senior-homecare-creve-coeur-missouri-63141_1231
199,https://www.visitingangels.com/senior-homecare-farmington-missouri-63640_1121
200,https://www.visitingangels.com/senior-homecare-north-kansas-city-missouri-64119_1228
201,https://www.visitingangels.com/senior-homecare-joplin-missouri-64804_564
202,https://www.visitingangels.com/senior-homecare-kansas-city-missouri-64114_1282
203,https://www.visitingangels.com/senior-homecare-o39fallon-missouri-63366_815
204,https://www.visitingangels.com/senior-homecare-springfield-missouri-65804_789
205,https://www.visitingangels.com/senior-homecare-st-louis-missouri-63123_949
206,https://www.visitingangels.com/senior-homecare-st-charles-missouri-63303_450
207,https://www.visitingangels.com/senior-homecare-webster-groves-missouri-63119_948
208,https://www.visitingangels.com/senior-homecare-overland-park-kansas-66212_743
209,https://www.visitingangels.com/senior-homecare-benton-arkansas-72019_1262
210,https://www.visitingangels.com/senior-homecare-conway-arkansas-72032_1109
211,https://www.visitingangels.com/senior-homecare-fort-smith-arkansas-72901_1322
212,https://www.visitingangels.com/senior-homecare-hot-springs-arkansas-71901_1116
213,https://www.visitingangels.com/senior-homecare-jonesboro-arkansas-72401_619
214,https://www.visitingangels.com/senior-homecare-little-rock-arkansas-72211_591
215,https://www.visitingangels.com/senior-homecare-lowell-arkansas-72745_1321
216,https://www.visitingangels.com/senior-homecare-bellingham-washington-98226_122
217,https://www.visitingangels.com/senior-homecare-everett-washington-98201_295
218,https://www.visitingangels.com/senior-homecare-fall-city-washington-98024_984
219,https://www.visitingangels.com/senior-homecare-issaquah-washington-98027_1284
220,https://www.visitingangels.com/senior-homecare-kennewick-washington-99336_947
221,https://www.visitingangels.com/senior-homecare-kirkland-washington-98034_1148
222,https://www.visitingangels.com/senior-homecare-lacey-washington-98503_1305
223,https://www.visitingangels.com/senior-homecare-longview-washington-98632_852
224,https://www.visitingangels.com/senior-homecare-maple-valley-washington-98038_1271
225,https://www.visitingangels.com/senior-homecare-mount-vernon-washington-98273_788
226,https://www.visitingangels.com/senior-homecare-port-orchard-washington-98366_648
227,https://www.visitingangels.com/senior-homecare-puyallup-washington-98373_618
228,https://www.visitingangels.com/senior-homecare-renton-washington-98057_1285
229,https://www.visitingangels.com/senior-homecare-seattle-washington-98107_834
230,https://www.visitingangels.com/senior-homecare-west-seattle-washington-98101_1149
231,https://www.visitingangels.com/senior-homecare-spokane-valley-washington-99212_1289
232,https://www.visitingangels.com/senior-homecare-tacoma-washington-98405_121
233,https://www.visitingangels.com/senior-homecare-tukwila-washington-98188_411
234,https://www.visitingangels.com/senior-homecare-vancouver-washington-98661_364
235,https://www.visitingangels.com/senior-homecare-yakima-washington-98902_1219
236,https://www.visitingangels.com/senior-homecare-anderson-indiana-46012_665
237,https://www.visitingangels.com/senior-homecare-bloomington-indiana-47404_737
238,https://www.visitingangels.com/senior-homecare-carmel-indiana-46032_1117
239,https://www.visitingangels.com/senior-homecare-columbus-indiana-47201_1254
240,https://www.visitingangels.com/senior-homecare-evansville-indiana-47708_1049
241,https://www.visitingangels.com/senior-homecare-frankfort-indiana-46041_814
242,https://www.visitingangels.com/senior-homecare-ft-wayne-indiana-46804_509
243,https://www.visitingangels.com/senior-homecare-greencastle-indiana-46135_636
244,https://www.visitingangels.com/senior-homecare-greenfield-indiana-46140_1269
245,https://www.visitingangels.com/senior-homecare-greenwood-indiana-46143_629
246,https://www.visitingangels.com/senior-homecare-indianapolis-indiana-46240_1012
247,https://www.visitingangels.com/senior-homecare-mishawaka-indiana-46545_696
248,https://www.visitingangels.com/senior-homecare-nappanee-indiana-46550_838
249,https://www.visitingangels.com/senior-homecare-new-albany-indiana-47150_1106
250,https://www.visitingangels.com/senior-homecare-schererville-indiana-46375_660
251,https://www.visitingangels.com/senior-homecare-scottsburg-indiana-47170_1236
252,https://www.visitingangels.com/senior-homecare-seymour-indiana-47274_1193
253,https://www.visitingangels.com/senior-homecare-terre-haute-indiana-47803_902
254,https://www.visitingangels.com/senior-homecare-acton-massachusetts-01720_440
255,https://www.visitingangels.com/senior-homecare-boston-massachusetts-02108_1213
256,https://www.visitingangels.com/senior-homecare-chelmsford-massachusetts-01824_1144
257,https://www.visitingangels.com/senior-homecare-chelsea-massachusetts-02150_1064
258,https://www.visitingangels.com/senior-homecare-danvers-massachusetts-01915_1170
259,https://www.visitingangels.com/senior-homecare-harwich-massachusetts-02645_545
260,https://www.visitingangels.com/senior-homecare-leominster-massachusetts-01453_1167
261,https://www.visitingangels.com/senior-homecare-marshfield-massachusetts-02050_1265
262,https://www.visitingangels.com/senior-homecare-medford-massachusetts-02155_595
263,https://www.visitingangels.com/senior-homecare-milford-massachusetts-01757_916
264,https://www.visitingangels.com/senior-homecare-n-attleboro-massachusetts-02760_53
265,https://www.visitingangels.com/senior-homecare-new-bedford-massachusetts-02740_823
266,https://www.visitingangels.com/senior-homecare-newburyport-massachusetts-01950_1274
267,https://www.visitingangels.com/senior-homecare-newton-massachusetts-02458_1188
268,https://www.visitingangels.com/senior-homecare-palmer-massachusetts-01069_1302
269,https://www.visitingangels.com/senior-homecare-pittsfield-massachusetts-01201_986
270,https://www.visitingangels.com/senior-homecare-raynham-massachusetts-02767_1039
271,https://www.visitingangels.com/senior-homecare-shelburne-falls-massachusetts-01370_1184
272,https://www.visitingangels.com/senior-homecare-southbridge-massachusetts-01550_672
273,https://www.visitingangels.com/senior-homecare-sudbury-massachusetts-01776_373
274,https://www.visitingangels.com/senior-homecare-west-springfield-massachusetts-01089_51
275,https://www.visitingangels.com/senior-homecare-worcester-massachusetts-01609_321
276,https://www.visitingangels.com/senior-homecare-bartlesville-oklahoma-74006_676
277,https://www.visitingangels.com/senior-homecare-edmond-oklahoma-73003_1075
278,https://www.visitingangels.com/senior-homecare-lawton-oklahoma-73505_987
279,https://www.visitingangels.com/senior-homecare-midwest-city-oklahoma-73130_720
280,https://www.visitingangels.com/senior-homecare-southwest-oklahoma-city-oklahoma-73170_1164
281,https://www.visitingangels.com/senior-homecare-tulsa-oklahoma-74120_416
282,https://www.visitingangels.com/senior-homecare-yukon-oklahoma-73099_87
283,https://www.visitingangels.com/senior-homecare-alameda-california-94501_1089
284,https://www.visitingangels.com/senior-homecare-anaheim-california-92805_1042
285,https://www.visitingangels.com/senior-homecare-burlingame-california-94010_510
286,https://www.visitingangels.com/senior-homecare-camarillo-california-93010_734
287,https://www.visitingangels.com/senior-homecare-cameron-park-california-95682_572
288,https://www.visitingangels.com/senior-homecare-carpinteria-california-93013_780
289,https://www.visitingangels.com/senior-homecare-cerritos-california-90703_1040
290,https://www.visitingangels.com/senior-homecare-chino-california-91710_662
291,https://www.visitingangels.com/senior-homecare-chula-vista-california-91911_1004
292,https://www.visitingangels.com/senior-homecare-el-cajon-california-92020_1006
293,https://www.visitingangels.com/senior-homecare-eureka-california-95501_386
294,https://www.visitingangels.com/senior-homecare-fremont-california-94538_1125
295,https://www.visitingangels.com/senior-homecare-fresno-california-93711_977
296,https://www.visitingangels.com/senior-homecare-garden-grove-california-92841_1276
297,https://www.visitingangels.com/senior-homecare-gilroy-california-95020_356
298,https://www.visitingangels.com/senior-homecare-glendale-california-91205_886
299,https://www.visitingangels.com/senior-homecare-glendora-california-91741_1157
300,https://www.visitingangels.com/senior-homecare-huntington-beach-california-92648_1126
301,https://www.visitingangels.com/senior-homecare-la-jolla-california-92037_1277
302,https://www.visitingangels.com/senior-homecare-la-mesa-california-91942_1038
303,https://www.visitingangels.com/senior-homecare-lake-forest-california-92630_1168
304,https://www.visitingangels.com/senior-homecare-lindsay-california-93247_1270
305,https://www.visitingangels.com/senior-homecare-livermore-california-94551_1278
306,https://www.visitingangels.com/senior-homecare-long-beach-california-90814_210
307,https://www.visitingangels.com/senior-homecare-beverly-hills-california-90035_1264
308,https://www.visitingangels.com/senior-homecare-los-angeles-california-90045_415
309,https://www.visitingangels.com/senior-homecare-murrieta-california-92562_191
310,https://www.visitingangels.com/senior-homecare-newport-beach-california-92663_1046
311,https://www.visitingangels.com/senior-homecare-orange-california-92867_1293
312,https://www.visitingangels.com/senior-homecare-pasadena-california-91105_887
313,https://www.visitingangels.com/senior-homecare-pinole-california-94564_917
314,https://www.visitingangels.com/senior-homecare-redding-california-96002_492
315,https://www.visitingangels.com/senior-homecare-redlands-california-92374_452
316,https://www.visitingangels.com/senior-homecare-san-jose-and-redwood-city-california-94063_290
317,https://www.visitingangels.com/senior-homecare-reseda-california-91335_973
318,https://www.visitingangels.com/senior-homecare-riverside-california-92509_209
319,https://www.visitingangels.com/senior-homecare-rocklin-california-95677_1192
320,https://www.visitingangels.com/senior-homecare-rolling-hills-estates-california-90274_1323
321,https://www.visitingangels.com/senior-homecare-midtown-sacramento-california-95818_932
322,https://www.visitingangels.com/senior-homecare-sacramento-california-95821_15
323,https://www.visitingangels.com/senior-homecare-san-diego-california-92108_1088
324,https://www.visitingangels.com/senior-homecare-poway-california-92131_1281
325,https://www.visitingangels.com/senior-homecare-redwood-city-california-95129_9
326,https://www.visitingangels.com/senior-homecare-san-jose-california-95125_1093
327,https://www.visitingangels.com/senior-homecare-san-luis-obispo-california-93401_571
328,https://www.visitingangels.com/senior-homecare-san-marcos-california-92069_1025
329,https://www.visitingangels.com/senior-homecare-san-pedro-california-90731_1152
330,https://www.visitingangels.com/senior-homecare-santa-monica-california-90401_990
331,https://www.visitingangels.com/senior-homecare-scotts-valley-california-95066_264
332,https://www.visitingangels.com/senior-homecare-simi-valley-california-93065_1091
333,https://www.visitingangels.com/senior-homecare-sunnyvale-california-94087_158
334,https://www.visitingangels.com/senior-homecare-toluca-lake-california-91602_448
335,https://www.visitingangels.com/senior-homecare-torrance-california-90503_626
336,https://www.visitingangels.com/senior-homecare-tustin-california-92780_1301
337,https://www.visitingangels.com/senior-homecare-upland-california-91786_1107
338,https://www.visitingangels.com/senior-homecare-valencia-california-91355_322
339,https://www.visitingangels.com/senior-homecare-victorville-california-92392_1326
340,https://www.visitingangels.com/senior-homecare-whittier-california-90603_1291
341,https://www.visitingangels.com/senior-homecare-woodland-hills-california-91364_756
342,https://www.visitingangels.com/senior-homecare-adrian-michigan-49221_1060
343,https://www.visitingangels.com/senior-homecare-ann-arbor-michigan-48108_749
344,https://www.visitingangels.com/senior-homecare-brighton-michigan-48116_63
345,https://www.visitingangels.com/senior-homecare-charlotte-michigan-48813_1131
346,https://www.visitingangels.com/senior-homecare-chelsea-michigan-48118_1202
347,https://www.visitingangels.com/senior-homecare-clarkston-michigan-48346_717
348,https://www.visitingangels.com/senior-homecare-dearborn-michigan-48120_1105
349,https://www.visitingangels.com/senior-homecare-east-lansing-michigan-48823_1252
350,https://www.visitingangels.com/senior-homecare-farmington-hills-michigan-48335_935
351,https://www.visitingangels.com/senior-homecare-ferndale-michigan-48820_1306
352,https://www.visitingangels.com/senior-homecare-frankenmuth-michigan-48734_61
353,https://www.visitingangels.com/senior-homecare-grand-rapids-michigan-49506_60
354,https://www.visitingangels.com/senior-homecare-grosse-pointe-woods-michigan-48236_1232
355,https://www.visitingangels.com/senior-homecare-livonia-michigan-48150_552
356,https://www.visitingangels.com/senior-homecare-monroe-michigan-48161_837
357,https://www.visitingangels.com/senior-homecare-novi-michigan-48377_1207
358,https://www.visitingangels.com/senior-homecare-okemos-michigan-48864_730
359,https://www.visitingangels.com/senior-homecare-owosso-michigan-48867_1250
360,https://www.visitingangels.com/senior-homecare-plainwell-michigan-49080_1137
361,https://www.visitingangels.com/senior-homecare-port-huron-michigan-48060_541
362,https://www.visitingangels.com/senior-homecare-portage-michigan-49002_1061
363,https://www.visitingangels.com/senior-homecare-rochester-hills-michigan-48309_832
364,https://www.visitingangels.com/senior-homecare-sterling-heights-michigan-48314_252
365,https://www.visitingangels.com/senior-homecare-mishawaka-indiana-46545_696
366,https://www.visitingangels.com/senior-homecare-middletown-delaware-19709_1211
367,https://www.visitingangels.com/senior-homecare-milton-delaware-19968_1186
368,https://www.visitingangels.com/senior-homecare-wilmington-delaware-19803_768
369,https://www.visitingangels.com/senior-homecare-altoona-wisconsin-54720_791
370,https://www.visitingangels.com/senior-homecare-appleton-wisconsin-54914_957
371,https://www.visitingangels.com/senior-homecare-beaver-dam-wisconsin-53916_943
372,https://www.visitingangels.com/senior-homecare-depere-wisconsin-54115_1300
373,https://www.visitingangels.com/senior-homecare-fond-du-lac-wisconsin-54935_956
374,https://www.visitingangels.com/senior-homecare-fort-atkinson-wisconsin-53538_125
375,https://www.visitingangels.com/senior-homecare-germantown-wisconsin-53022_126
376,https://www.visitingangels.com/senior-homecare-madison-wisconsin-53713_763
377,https://www.visitingangels.com/senior-homecare-milwaukee-wisconsin-53213_699
378,https://www.visitingangels.com/senior-homecare-oshkosh-wisconsin-54901_958
379,https://www.visitingangels.com/senior-homecare-pewaukee-wisconsin-53072_1112
380,https://www.visitingangels.com/senior-homecare-sheboygan-wisconsin-53081_1083
381,https://www.visitingangels.com/senior-homecare-aurora-colorado-80011_1086
382,https://www.visitingangels.com/senior-homecare-brighton-colorado-80601_1090
383,https://www.visitingangels.com/senior-homecare-broomfield-colorado-80021_1246
384,https://www.visitingangels.com/senior-homecare-colorado-springs-colorado-80907_711
385,https://www.visitingangels.com/senior-homecare-eagle-colorado-81631_778
386,https://www.visitingangels.com/senior-homecare-grand-junction-colorado-81501_1255
387,https://www.visitingangels.com/senior-homecare-littleton-colorado-80120_1239
388,https://www.visitingangels.com/senior-homecare-longmont-colorado-80501_1245
389,https://www.visitingangels.com/senior-homecare-loveland-colorado-80538_1272
390,https://www.visitingangels.com/senior-homecare-pagosa-springs-colorado-81147_658
391,https://www.visitingangels.com/senior-homecare-pueblo-colorado-81003_1041
392,https://www.visitingangels.com/senior-homecare-wheat-ridge-colorado-80033_1244
393,https://www.visitingangels.com/senior-homecare-adrian-michigan-49221_1060
394,https://www.visitingangels.com/senior-homecare-ann-arbor-michigan-48108_749
395,https://www.visitingangels.com/senior-homecare-brighton-michigan-48116_63
396,https://www.visitingangels.com/senior-homecare-charlotte-michigan-48813_1131
397,https://www.visitingangels.com/senior-homecare-chelsea-michigan-48118_1202
398,https://www.visitingangels.com/senior-homecare-clarkston-michigan-48346_717
399,https://www.visitingangels.com/senior-homecare-dearborn-michigan-48120_1105
400,https://www.visitingangels.com/senior-homecare-east-lansing-michigan-48823_1252
401,https://www.visitingangels.com/senior-homecare-farmington-hills-michigan-48335_935
402,https://www.visitingangels.com/senior-homecare-ferndale-michigan-48820_1306
403,https://www.visitingangels.com/senior-homecare-frankenmuth-michigan-48734_61
404,https://www.visitingangels.com/senior-homecare-grand-rapids-michigan-49506_60
405,https://www.visitingangels.com/senior-homecare-grosse-pointe-woods-michigan-48236_1232
406,https://www.visitingangels.com/senior-homecare-livonia-michigan-48150_552
407,https://www.visitingangels.com/senior-homecare-monroe-michigan-48161_837
408,https://www.visitingangels.com/senior-homecare-novi-michigan-48377_1207
409,https://www.visitingangels.com/senior-homecare-okemos-michigan-48864_730
410,https://www.visitingangels.com/senior-homecare-owosso-michigan-48867_1250
411,https://www.visitingangels.com/senior-homecare-plainwell-michigan-49080_1137
412,https://www.visitingangels.com/senior-homecare-port-huron-michigan-48060_541
413,https://www.visitingangels.com/senior-homecare-portage-michigan-49002_1061
414,https://www.visitingangels.com/senior-homecare-rochester-hills-michigan-48309_832
415,https://www.visitingangels.com/senior-homecare-sterling-heights-michigan-48314_252
416,https://www.visitingangels.com/senior-homecare-mishawaka-indiana-46545_696
417,https://www.visitingangels.com/senior-homecare-acton-massachusetts-01720_440
418,https://www.visitingangels.com/senior-homecare-boston-massachusetts-02108_1213
419,https://www.visitingangels.com/senior-homecare-chelmsford-massachusetts-01824_1144
420,https://www.visitingangels.com/senior-homecare-chelsea-massachusetts-02150_1064
421,https://www.visitingangels.com/senior-homecare-danvers-massachusetts-01915_1170
422,https://www.visitingangels.com/senior-homecare-harwich-massachusetts-02645_545
423,https://www.visitingangels.com/senior-homecare-leominster-massachusetts-01453_1167
424,https://www.visitingangels.com/senior-homecare-marshfield-massachusetts-02050_1265
425,https://www.visitingangels.com/senior-homecare-medford-massachusetts-02155_595
426,https://www.visitingangels.com/senior-homecare-milford-massachusetts-01757_916
427,https://www.visitingangels.com/senior-homecare-n-attleboro-massachusetts-02760_53
428,https://www.visitingangels.com/senior-homecare-new-bedford-massachusetts-02740_823
429,https://www.visitingangels.com/senior-homecare-newburyport-massachusetts-01950_1274
430,https://www.visitingangels.com/senior-homecare-newton-massachusetts-02458_1188
431,https://www.visitingangels.com/senior-homecare-palmer-massachusetts-01069_1302
432,https://www.visitingangels.com/senior-homecare-pittsfield-massachusetts-01201_986
433,https://www.visitingangels.com/senior-homecare-raynham-massachusetts-02767_1039
434,https://www.visitingangels.com/senior-homecare-shelburne-falls-massachusetts-01370_1184
435,https://www.visitingangels.com/senior-homecare-southbridge-massachusetts-01550_672
436,https://www.visitingangels.com/senior-homecare-sudbury-massachusetts-01776_373
437,https://www.visitingangels.com/senior-homecare-west-springfield-massachusetts-01089_51
438,https://www.visitingangels.com/senior-homecare-worcester-massachusetts-01609_321
439,https://www.visitingangels.com/senior-homecare-anniston-alabama-36207_1138
440,https://www.visitingangels.com/senior-homecare-birmingham-alabama-35235_911
441,https://www.visitingangels.com/senior-homecare-south-birmingham-alabama-35216_1257
442,https://www.visitingangels.com/senior-homecare-cullman-alabama-35055_744
443,https://www.visitingangels.com/senior-homecare-daphne-alabama-36526_1008
444,https://www.visitingangels.com/senior-homecare-florence-alabama-35630_1155
445,https://www.visitingangels.com/senior-homecare-foley-alabama-36535_1191
446,https://www.visitingangels.com/senior-homecare-gadsden-alabama-35901_1067
447,https://www.visitingangels.com/senior-homecare-huntsville-alabama-35805_1036
448,https://www.visitingangels.com/senior-homecare-jasper-alabama-35501_1209
449,https://www.visitingangels.com/senior-homecare-mobile-alabama-36608_1082
450,https://www.visitingangels.com/senior-homecare-montgomery-alabama-36106_919
451,https://www.visitingangels.com/senior-homecare-northport-alabama-35473_748
452,https://www.visitingangels.com/senior-homecare-columbus-georgia-31901_1071
453,https://www.visitingangels.com/senior-homecare-adrian-michigan-49221_1060
454,https://www.visitingangels.com/senior-homecare-ann-arbor-michigan-48108_749
455,https://www.visitingangels.com/senior-homecare-brighton-michigan-48116_63
456,https://www.visitingangels.com/senior-homecare-charlotte-michigan-48813_1131
457,https://www.visitingangels.com/senior-homecare-chelsea-michigan-48118_1202
458,https://www.visitingangels.com/senior-homecare-clarkston-michigan-48346_717
459,https://www.visitingangels.com/senior-homecare-dearborn-michigan-48120_1105
460,https://www.visitingangels.com/senior-homecare-east-lansing-michigan-48823_1252
461,https://www.visitingangels.com/senior-homecare-farmington-hills-michigan-48335_935
462,https://www.visitingangels.com/senior-homecare-ferndale-michigan-48820_1306
463,https://www.visitingangels.com/senior-homecare-frankenmuth-michigan-48734_61
464,https://www.visitingangels.com/senior-homecare-grand-rapids-michigan-49506_60
465,https://www.visitingangels.com/senior-homecare-grosse-pointe-woods-michigan-48236_1232
466,https://www.visitingangels.com/senior-homecare-livonia-michigan-48150_552
467,https://www.visitingangels.com/senior-homecare-monroe-michigan-48161_837
468,https://www.visitingangels.com/senior-homecare-novi-michigan-48377_1207
469,https://www.visitingangels.com/senior-homecare-okemos-michigan-48864_730
470,https://www.visitingangels.com/senior-homecare-owosso-michigan-48867_1250
471,https://www.visitingangels.com/senior-homecare-plainwell-michigan-49080_1137
472,https://www.visitingangels.com/senior-homecare-port-huron-michigan-48060_541
473,https://www.visitingangels.com/senior-homecare-portage-michigan-49002_1061
474,https://www.visitingangels.com/senior-homecare-rochester-hills-michigan-48309_832
475,https://www.visitingangels.com/senior-homecare-sterling-heights-michigan-48314_252
476,https://www.visitingangels.com/senior-homecare-mishawaka-indiana-46545_696
477,https://www.visitingangels.com/senior-homecare-adrian-michigan-49221_1060
478,https://www.visitingangels.com/senior-homecare-ann-arbor-michigan-48108_749
479,https://www.visitingangels.com/senior-homecare-brighton-michigan-48116_63
480,https://www.visitingangels.com/senior-homecare-charlotte-michigan-48813_1131
481,https://www.visitingangels.com/senior-homecare-chelsea-michigan-48118_1202
482,https://www.visitingangels.com/senior-homecare-clarkston-michigan-48346_717
483,https://www.visitingangels.com/senior-homecare-dearborn-michigan-48120_1105
484,https://www.visitingangels.com/senior-homecare-east-lansing-michigan-48823_1252
485,https://www.visitingangels.com/senior-homecare-farmington-hills-michigan-48335_935
486,https://www.visitingangels.com/senior-homecare-ferndale-michigan-48820_1306
487,https://www.visitingangels.com/senior-homecare-frankenmuth-michigan-48734_61
488,https://www.visitingangels.com/senior-homecare-grand-rapids-michigan-49506_60
489,https://www.visitingangels.com/senior-homecare-grosse-pointe-woods-michigan-48236_1232
490,https://www.visitingangels.com/senior-homecare-livonia-michigan-48150_552
491,https://www.visitingangels.com/senior-homecare-monroe-michigan-48161_837
492,https://www.visitingangels.com/senior-homecare-novi-michigan-48377_1207
493,https://www.visitingangels.com/senior-homecare-okemos-michigan-48864_730
494,https://www.visitingangels.com/senior-homecare-owosso-michigan-48867_1250
495,https://www.visitingangels.com/senior-homecare-plainwell-michigan-49080_1137
496,https://www.visitingangels.com/senior-homecare-port-huron-michigan-48060_541
497,https://www.visitingangels.com/senior-homecare-portage-michigan-49002_1061
498,https://www.visitingangels.com/senior-homecare-rochester-hills-michigan-48309_832
499,https://www.visitingangels.com/senior-homecare-sterling-heights-michigan-48314_252
500,https://www.visitingangels.com/senior-homecare-mishawaka-indiana-46545_696
501,https://www.visitingangels.com/senior-homecare-bellevue-nebraska-68005_1063
502,https://www.visitingangels.com/senior-homecare-lincoln-nebraska-68510_1076
503,https://www.visitingangels.com/senior-homecare-norfolk-nebraska-68701_1251
504,https://www.visitingangels.com/senior-homecare-sioux-city-iowa-51108_945
505,https://www.visitingangels.com/senior-homecare-huber-heights-ohio-45424_895
506,https://www.visitingangels.com/senior-homecare-berea-ohio-44017_716
507,https://www.visitingangels.com/senior-homecare-bowling-green-ohio-43402_1146
508,https://www.visitingangels.com/senior-homecare-cambridge-ohio-43725_1331
509,https://www.visitingangels.com/senior-homecare-canton-ohio-44708_311
510,https://www.visitingangels.com/senior-homecare-centerville-ohio-45459_1214
511,https://www.visitingangels.com/senior-homecare-eastern-cincinnati-ohio-45255_576
512,https://www.visitingangels.com/senior-homecare-west-side-cincinnati-ohio-45251_303
513,https://www.visitingangels.com/senior-homecare-cleveland-ohio-44120_81
514,https://www.visitingangels.com/senior-homecare-columbus-ohio-43220_1279
515,https://www.visitingangels.com/senior-homecare-edgerton-ohio-43517_1238
516,https://www.visitingangels.com/senior-homecare-elyria-ohio-44035_1256
517,https://www.visitingangels.com/senior-homecare-medina-ohio-44256_407
518,https://www.visitingangels.com/senior-homecare-mentor-ohio-44060_84
519,https://www.visitingangels.com/senior-homecare-portsmouth-ohio-45662_1303
520,https://www.visitingangels.com/senior-homecare-ravenna-ohio-44266_1230
521,https://www.visitingangels.com/senior-homecare-rocky-river-ohio-44116_86
522,https://www.visitingangels.com/senior-homecare-salem-ohio-44460_166
523,https://www.visitingangels.com/senior-homecare-tallmadge-ohio-44278_83
524,https://www.visitingangels.com/senior-homecare-toledo-ohio-43617_1145
525,https://www.visitingangels.com/senior-homecare-west-chester-ohio-45069_385
526,https://www.visitingangels.com/senior-homecare-westerville-ohio-43081_1299
527,https://www.visitingangels.com/senior-homecare-wilmington-ohio-45177_1066
528,https://www.visitingangels.com/senior-homecare-florence-kentucky-41042_50
529,https://www.visitingangels.com/senior-homecare-wheeling-west-virginia-26003_601
530,https://www.visitingangels.com/senior-homecare-aurora-colorado-80011_1086
531,https://www.visitingangels.com/senior-homecare-brighton-colorado-80601_1090
532,https://www.visitingangels.com/senior-homecare-broomfield-colorado-80021_1246
533,https://www.visitingangels.com/senior-homecare-colorado-springs-colorado-80907_711
534,https://www.visitingangels.com/senior-homecare-eagle-colorado-81631_778
535,https://www.visitingangels.com/senior-homecare-grand-junction-colorado-81501_1255
536,https://www.visitingangels.com/senior-homecare-littleton-colorado-80120_1239
537,https://www.visitingangels.com/senior-homecare-longmont-colorado-80501_1245
538,https://www.visitingangels.com/senior-homecare-loveland-colorado-80538_1272
539,https://www.visitingangels.com/senior-homecare-pagosa-springs-colorado-81147_658
540,https://www.visitingangels.com/senior-homecare-pueblo-colorado-81003_1041
541,https://www.visitingangels.com/senior-homecare-wheat-ridge-colorado-80033_1244
542,https://www.visitingangels.com/senior-homecare-albany-oregon-97321_200
543,https://www.visitingangels.com/senior-homecare-bend-oregon-97702_436
544,https://www.visitingangels.com/senior-homecare-eugene-oregon-97401_594
545,https://www.visitingangels.com/senior-homecare-gresham-oregon-97030_437
546,https://www.visitingangels.com/senior-homecare-medford-oregon-97504_813
547,https://www.visitingangels.com/senior-homecare-newberg-oregon-97132_286
548,https://www.visitingangels.com/senior-homecare-west-and-southeast-portland-oregon-97225_1023
549,https://www.visitingangels.com/senior-homecare-northern-and-upper-south-east-portland-oregon-97211_1005
550,https://www.visitingangels.com/senior-homecare-west-linn-oregon-97068_1160
551,https://www.visitingangels.com/senior-homecare-audubon-pennsylvania-19403_320
552,https://www.visitingangels.com/senior-homecare-beaver-pennsylvania-15009_1253
553,https://www.visitingangels.com/senior-homecare-bensalem-pennsylvania-19020_317
554,https://www.visitingangels.com/senior-homecare-bethlehem-pennsylvania-18018_905
555,https://www.visitingangels.com/senior-homecare-carlisle-pennsylvania-17013_853
556,https://www.visitingangels.com/senior-homecare-center-valley-pennsylvania-18034_934
557,https://www.visitingangels.com/senior-homecare-chadds-ford-pennsylvania-19317_1240
558,https://www.visitingangels.com/senior-homecare-doylestown-pennsylvania-18902_172
559,https://www.visitingangels.com/senior-homecare-east-stroudsburg-pennsylvania-18301_685
560,https://www.visitingangels.com/senior-homecare-exton-pennsylvania-19341_455
561,https://www.visitingangels.com/senior-homecare-forty-fort-pennsylvania-18704_459
562,https://www.visitingangels.com/senior-homecare-greensburg-pennsylvania-15601_929
563,https://www.visitingangels.com/senior-homecare-hanover-pennsylvania-17331_1199
564,https://www.visitingangels.com/senior-homecare-harrisburg-pennsylvania-17109_137
565,https://www.visitingangels.com/senior-homecare-havertown-pennsylvania-19083_1315
566,https://www.visitingangels.com/senior-homecare-horsham-pennsylvania-19044_1187
567,https://www.visitingangels.com/senior-homecare-jenkintown-pennsylvania-19046_1165
568,https://www.visitingangels.com/senior-homecare-lancaster-pennsylvania-17601_94
569,https://www.visitingangels.com/senior-homecare-lansdale-pennsylvania-19446_1028
570,https://www.visitingangels.com/senior-homecare-lewisburg-pennsylvania-17837_1273
571,https://www.visitingangels.com/senior-homecare-pittsburgh-pennsylvania-15234_806
572,https://www.visitingangels.com/senior-homecare-pottstown-pennsylvania-19464_518
573,https://www.visitingangels.com/senior-homecare-scranton-pennsylvania-18505_954
574,https://www.visitingangels.com/senior-homecare-verona-pennsylvania-15147_828
575,https://www.visitingangels.com/senior-homecare-washington-pennsylvania-15301_1328
576,https://www.visitingangels.com/senior-homecare-waynesboro-pennsylvania-17268_715
577,https://www.visitingangels.com/senior-homecare-north-hills-pittsburgh-pennsylvania-15090_1260
578,https://www.visitingangels.com/senior-homecare-wyomissing-pennsylvania-19610_1079
579,https://www.visitingangels.com/senior-homecare-york-pennsylvania-17402_95
580,https://www.visitingangels.com/senior-homecare-colchester-vermont-05446_1057
581,https://www.visitingangels.com/senior-homecare-claremont-new-hampshire-03743_1134
582,https://www.visitingangels.com/senior-homecare-bangor-maine-04401_983
583,https://www.visitingangels.com/senior-homecare-alexandria-virginia-22312_372
584,https://www.visitingangels.com/senior-homecare-charlottesville-virginia-22911_903
585,https://www.visitingangels.com/senior-homecare-chesapeake-virginia-23320_996
586,https://www.visitingangels.com/senior-homecare-fredericksburg-virginia-22401_258
587,https://www.visitingangels.com/senior-homecare-harrisonburg-virginia-22801_1206
588,https://www.visitingangels.com/senior-homecare-kilmarnock-virginia-22482_1204
589,https://www.visitingangels.com/senior-homecare-leesburg-virginia-20175_118
590,https://www.visitingangels.com/senior-homecare-lynchburg-virginia-24501_1007
591,https://www.visitingangels.com/senior-homecare-manassas-virginia-20110_1158
592,https://www.visitingangels.com/senior-homecare-newport-news-virginia-23606_1182
593,https://www.visitingangels.com/senior-homecare-norfolk-virginia-23510_1037
594,https://www.visitingangels.com/senior-homecare-richmond-virginia-23230_449
595,https://www.visitingangels.com/senior-homecare-midlothian-virginia-23235_313
596,https://www.visitingangels.com/senior-homecare-ridgeway-virginia-24148_835
597,https://www.visitingangels.com/senior-homecare-roanoke-virginia-24018_1298
598,https://www.visitingangels.com/senior-homecare-springfield-virginia-22152_840
599,https://www.visitingangels.com/senior-homecare-staunton-virginia-24401_1136
600,https://www.visitingangels.com/senior-homecare-vienna-virginia-22182_268
601,https://www.visitingangels.com/senior-homecare-virginia-beach-virginia-23455_1325
602,https://www.visitingangels.com/senior-homecare-princess-anne-virginia-23452_1324
603,https://www.visitingangels.com/senior-homecare-winchester-virginia-22602_863
604,https://www.visitingangels.com/senior-homecare-acton-massachusetts-01720_440
605,https://www.visitingangels.com/senior-homecare-boston-massachusetts-02108_1213
606,https://www.visitingangels.com/senior-homecare-chelmsford-massachusetts-01824_1144
607,https://www.visitingangels.com/senior-homecare-chelsea-massachusetts-02150_1064
608,https://www.visitingangels.com/senior-homecare-danvers-massachusetts-01915_1170
609,https://www.visitingangels.com/senior-homecare-harwich-massachusetts-02645_545
610,https://www.visitingangels.com/senior-homecare-leominster-massachusetts-01453_1167
611,https://www.visitingangels.com/senior-homecare-marshfield-massachusetts-02050_1265
612,https://www.visitingangels.com/senior-homecare-medford-massachusetts-02155_595
613,https://www.visitingangels.com/senior-homecare-milford-massachusetts-01757_916
614,https://www.visitingangels.com/senior-homecare-n-attleboro-massachusetts-02760_53
615,https://www.visitingangels.com/senior-homecare-new-bedford-massachusetts-02740_823
616,https://www.visitingangels.com/senior-homecare-newburyport-massachusetts-01950_1274
617,https://www.visitingangels.com/senior-homecare-newton-massachusetts-02458_1188
618,https://www.visitingangels.com/senior-homecare-palmer-massachusetts-01069_1302
619,https://www.visitingangels.com/senior-homecare-pittsfield-massachusetts-01201_986
620,https://www.visitingangels.com/senior-homecare-raynham-massachusetts-02767_1039
621,https://www.visitingangels.com/senior-homecare-shelburne-falls-massachusetts-01370_1184
622,https://www.visitingangels.com/senior-homecare-southbridge-massachusetts-01550_672
623,https://www.visitingangels.com/senior-homecare-sudbury-massachusetts-01776_373
624,https://www.visitingangels.com/senior-homecare-west-springfield-massachusetts-01089_51
625,https://www.visitingangels.com/senior-homecare-worcester-massachusetts-01609_321
626,https://www.visitingangels.com/senior-homecare-mandeville-louisiana-70448_1114
627,https://www.visitingangels.com/senior-homecare-new-orleans-louisiana-70123_138
628,https://www.visitingangels.com/senior-homecare-ames-iowa-50010_1308
629,https://www.visitingangels.com/senior-homecare-bettendorf-iowa-52722_1087
630,https://www.visitingangels.com/senior-homecare-cedar-rapids-iowa-52402_1069
631,https://www.visitingangels.com/senior-homecare-sioux-city-iowa-51108_945
632,https://www.visitingangels.com/senior-homecare-urbandale-iowa-50322_1312
633,https://www.visitingangels.com/senior-homecare-abingdon-maryland-21009_808
634,https://www.visitingangels.com/senior-homecare-baltimore-maryland-21206_483
635,https://www.visitingangels.com/senior-homecare-berlin-maryland-21811_1156
636,https://www.visitingangels.com/senior-homecare-bethesda-maryland-20814_999
637,https://www.visitingangels.com/senior-homecare-easton-maryland-21601_799
638,https://www.visitingangels.com/senior-homecare-edgewater-maryland-21037_1123
639,https://www.visitingangels.com/senior-homecare-eldersburg-maryland-21784_56
640,https://www.visitingangels.com/senior-homecare-frederick-maryland-21701_1247
641,https://www.visitingangels.com/senior-homecare-gaithersburg-maryland-20879_276
642,https://www.visitingangels.com/senior-homecare-hagerstown-maryland-21742_883
643,https://www.visitingangels.com/senior-homecare-hyattsville-maryland-20784_1017
644,https://www.visitingangels.com/senior-homecare-largo-maryland-20774_57
645,https://www.visitingangels.com/senior-homecare-millersville-maryland-21108_752
646,https://www.visitingangels.com/senior-homecare-reisterstown-maryland-21136_306
647,https://www.visitingangels.com/senior-homecare-salisbury-maryland-21804_1092
648,https://www.visitingangels.com/senior-homecare-silver-spring-maryland-20910_58
649,https://www.visitingangels.com/senior-homecare-towson-maryland-21204_269
650,https://www.visitingangels.com/senior-homecare-waldorf-maryland-20602_590
651,https://www.visitingangels.com/senior-homecare-carlisle-pennsylvania-17013_853
652,https://www.visitingangels.com/senior-homecare-acworth-georgia-30101_797
653,https://www.visitingangels.com/senior-homecare-alpharetta-georgia-30009_1181
654,https://www.visitingangels.com/senior-homecare-athens-georgia-30606_959
655,https://www.visitingangels.com/senior-homecare-east-atlanta-georgia-30305_314
656,https://www.visitingangels.com/senior-homecare-west-atlanta-georgia-30309_163
657,https://www.visitingangels.com/senior-homecare-augusta-georgia-30907_833
658,https://www.visitingangels.com/senior-homecare-brunswick-georgia-31520_818
659,https://www.visitingangels.com/senior-homecare-cleveland-georgia-30528_773
660,https://www.visitingangels.com/senior-homecare-columbus-georgia-31901_1071
661,https://www.visitingangels.com/senior-homecare-dallas-georgia-30157_151
662,https://www.visitingangels.com/senior-homecare-dawsonville-georgia-30534_410
663,https://www.visitingangels.com/senior-homecare-douglasville-georgia-30135_709
664,https://www.visitingangels.com/senior-homecare-ellijay-georgia-39540_1185
665,https://www.visitingangels.com/senior-homecare-fayetteville-georgia-30214_358
666,https://www.visitingangels.com/senior-homecare-griffin-georgia-30224_1100
667,https://www.visitingangels.com/senior-homecare-hoschton-georgia-30548_995
668,https://www.visitingangels.com/senior-homecare-lithonia-georgia-30058_1127
669,https://www.visitingangels.com/senior-homecare-marietta-georgia-30067_1024
670,https://www.visitingangels.com/senior-homecare-roswell-georgia-30075_1208
671,https://www.visitingangels.com/senior-homecare-savannah-georgia-31405_643
672,https://www.visitingangels.com/senior-homecare-tifton-georgia-31794_1217
673,https://www.visitingangels.com/senior-homecare-tucker-georgia-30084_762
674,https://www.visitingangels.com/senior-homecare-warner-robins-georgia-31088_485
675,https://www.visitingangels.com/senior-homecare-alameda-california-94501_1089
676,https://www.visitingangels.com/senior-homecare-anaheim-california-92805_1042
677,https://www.visitingangels.com/senior-homecare-burlingame-california-94010_510
678,https://www.visitingangels.com/senior-homecare-camarillo-california-93010_734
679,https://www.visitingangels.com/senior-homecare-cameron-park-california-95682_572
680,https://www.visitingangels.com/senior-homecare-carpinteria-california-93013_780
681,https://www.visitingangels.com/senior-homecare-cerritos-california-90703_1040
682,https://www.visitingangels.com/senior-homecare-chino-california-91710_662
683,https://www.visitingangels.com/senior-homecare-chula-vista-california-91911_1004
684,https://www.visitingangels.com/senior-homecare-el-cajon-california-92020_1006
685,https://www.visitingangels.com/senior-homecare-eureka-california-95501_386
686,https://www.visitingangels.com/senior-homecare-fremont-california-94538_1125
687,https://www.visitingangels.com/senior-homecare-fresno-california-93711_977
688,https://www.visitingangels.com/senior-homecare-garden-grove-california-92841_1276
689,https://www.visitingangels.com/senior-homecare-gilroy-california-95020_356
690,https://www.visitingangels.com/senior-homecare-glendale-california-91205_886
691,https://www.visitingangels.com/senior-homecare-glendora-california-91741_1157
692,https://www.visitingangels.com/senior-homecare-huntington-beach-california-92648_1126
693,https://www.visitingangels.com/senior-homecare-la-jolla-california-92037_1277
694,https://www.visitingangels.com/senior-homecare-la-mesa-california-91942_1038
695,https://www.visitingangels.com/senior-homecare-lake-forest-california-92630_1168
696,https://www.visitingangels.com/senior-homecare-lindsay-california-93247_1270
697,https://www.visitingangels.com/senior-homecare-livermore-california-94551_1278
698,https://www.visitingangels.com/senior-homecare-long-beach-california-90814_210
699,https://www.visitingangels.com/senior-homecare-beverly-hills-california-90035_1264
700,https://www.visitingangels.com/senior-homecare-los-angeles-california-90045_415
701,https://www.visitingangels.com/senior-homecare-murrieta-california-92562_191
702,https://www.visitingangels.com/senior-homecare-newport-beach-california-92663_1046
703,https://www.visitingangels.com/senior-homecare-orange-california-92867_1293
704,https://www.visitingangels.com/senior-homecare-pasadena-california-91105_887
705,https://www.visitingangels.com/senior-homecare-pinole-california-94564_917
706,https://www.visitingangels.com/senior-homecare-redding-california-96002_492
707,https://www.visitingangels.com/senior-homecare-redlands-california-92374_452
708,https://www.visitingangels.com/senior-homecare-san-jose-and-redwood-city-california-94063_290
709,https://www.visitingangels.com/senior-homecare-reseda-california-91335_973
710,https://www.visitingangels.com/senior-homecare-riverside-california-92509_209
711,https://www.visitingangels.com/senior-homecare-rocklin-california-95677_1192
712,https://www.visitingangels.com/senior-homecare-rolling-hills-estates-california-90274_1323
713,https://www.visitingangels.com/senior-homecare-midtown-sacramento-california-95818_932
714,https://www.visitingangels.com/senior-homecare-sacramento-california-95821_15
715,https://www.visitingangels.com/senior-homecare-san-diego-california-92108_1088
716,https://www.visitingangels.com/senior-homecare-poway-california-92131_1281
717,https://www.visitingangels.com/senior-homecare-redwood-city-california-95129_9
718,https://www.visitingangels.com/senior-homecare-san-jose-california-95125_1093
719,https://www.visitingangels.com/senior-homecare-san-luis-obispo-california-93401_571
720,https://www.visitingangels.com/senior-homecare-san-marcos-california-92069_1025
721,https://www.visitingangels.com/senior-homecare-san-pedro-california-90731_1152
722,https://www.visitingangels.com/senior-homecare-santa-monica-california-90401_990
723,https://www.visitingangels.com/senior-homecare-scotts-valley-california-95066_264
724,https://www.visitingangels.com/senior-homecare-simi-valley-california-93065_1091
725,https://www.visitingangels.com/senior-homecare-sunnyvale-california-94087_158
726,https://www.visitingangels.com/senior-homecare-toluca-lake-california-91602_448
727,https://www.visitingangels.com/senior-homecare-torrance-california-90503_626
728,https://www.visitingangels.com/senior-homecare-tustin-california-92780_1301
729,https://www.visitingangels.com/senior-homecare-upland-california-91786_1107
730,https://www.visitingangels.com/senior-homecare-valencia-california-91355_322
731,https://www.visitingangels.com/senior-homecare-victorville-california-92392_1326
732,https://www.visitingangels.com/senior-homecare-whittier-california-90603_1291
733,https://www.visitingangels.com/senior-homecare-woodland-hills-california-91364_756
734,https://www.visitingangels.com/senior-homecare-adrian-michigan-49221_1060
735,https://www.visitingangels.com/senior-homecare-ann-arbor-michigan-48108_749
736,https://www.visitingangels.com/senior-homecare-brighton-michigan-48116_63
737,https://www.visitingangels.com/senior-homecare-charlotte-michigan-48813_1131
738,https://www.visitingangels.com/senior-homecare-chelsea-michigan-48118_1202
739,https://www.visitingangels.com/senior-homecare-clarkston-michigan-48346_717
740,https://www.visitingangels.com/senior-homecare-dearborn-michigan-48120_1105
741,https://www.visitingangels.com/senior-homecare-east-lansing-michigan-48823_1252
742,https://www.visitingangels.com/senior-homecare-farmington-hills-michigan-48335_935
743,https://www.visitingangels.com/senior-homecare-ferndale-michigan-48820_1306
744,https://www.visitingangels.com/senior-homecare-frankenmuth-michigan-48734_61
745,https://www.visitingangels.com/senior-homecare-grand-rapids-michigan-49506_60
746,https://www.visitingangels.com/senior-homecare-grosse-pointe-woods-michigan-48236_1232
747,https://www.visitingangels.com/senior-homecare-livonia-michigan-48150_552
748,https://www.visitingangels.com/senior-homecare-monroe-michigan-48161_837
749,https://www.visitingangels.com/senior-homecare-novi-michigan-48377_1207
750,https://www.visitingangels.com/senior-homecare-okemos-michigan-48864_730
751,https://www.visitingangels.com/senior-homecare-owosso-michigan-48867_1250
752,https://www.visitingangels.com/senior-homecare-plainwell-michigan-49080_1137
753,https://www.visitingangels.com/senior-homecare-port-huron-michigan-48060_541
754,https://www.visitingangels.com/senior-homecare-portage-michigan-49002_1061
755,https://www.visitingangels.com/senior-homecare-rochester-hills-michigan-48309_832
756,https://www.visitingangels.com/senior-homecare-sterling-heights-michigan-48314_252
757,https://www.visitingangels.com/senior-homecare-mishawaka-indiana-46545_696
758,https://www.visitingangels.com/senior-homecare-middletown-delaware-19709_1211
759,https://www.visitingangels.com/senior-homecare-milton-delaware-19968_1186
760,https://www.visitingangels.com/senior-homecare-wilmington-delaware-19803_768
761,https://www.visitingangels.com/senior-homecare-aurora-colorado-80011_1086
762,https://www.visitingangels.com/senior-homecare-brighton-colorado-80601_1090
763,https://www.visitingangels.com/senior-homecare-broomfield-colorado-80021_1246
764,https://www.visitingangels.com/senior-homecare-colorado-springs-colorado-80907_711
765,https://www.visitingangels.com/senior-homecare-eagle-colorado-81631_778
766,https://www.visitingangels.com/senior-homecare-grand-junction-colorado-81501_1255
767,https://www.visitingangels.com/senior-homecare-littleton-colorado-80120_1239
768,https://www.visitingangels.com/senior-homecare-longmont-colorado-80501_1245
769,https://www.visitingangels.com/senior-homecare-loveland-colorado-80538_1272
770,https://www.visitingangels.com/senior-homecare-pagosa-springs-colorado-81147_658
771,https://www.visitingangels.com/senior-homecare-pueblo-colorado-81003_1041
772,https://www.visitingangels.com/senior-homecare-wheat-ridge-colorado-80033_1244
773,https://www.visitingangels.com/senior-homecare-adrian-michigan-49221_1060
774,https://www.visitingangels.com/senior-homecare-ann-arbor-michigan-48108_749
775,https://www.visitingangels.com/senior-homecare-brighton-michigan-48116_63
776,https://www.visitingangels.com/senior-homecare-charlotte-michigan-48813_1131
777,https://www.visitingangels.com/senior-homecare-chelsea-michigan-48118_1202
778,https://www.visitingangels.com/senior-homecare-clarkston-michigan-48346_717
779,https://www.visitingangels.com/senior-homecare-dearborn-michigan-48120_1105
780,https://www.visitingangels.com/senior-homecare-east-lansing-michigan-48823_1252
781,https://www.visitingangels.com/senior-homecare-farmington-hills-michigan-48335_935
782,https://www.visitingangels.com/senior-homecare-ferndale-michigan-48820_1306
783,https://www.visitingangels.com/senior-homecare-frankenmuth-michigan-48734_61
784,https://www.visitingangels.com/senior-homecare-grand-rapids-michigan-49506_60
785,https://www.visitingangels.com/senior-homecare-grosse-pointe-woods-michigan-48236_1232
786,https://www.visitingangels.com/senior-homecare-livonia-michigan-48150_552
787,https://www.visitingangels.com/senior-homecare-monroe-michigan-48161_837
788,https://www.visitingangels.com/senior-homecare-novi-michigan-48377_1207
789,https://www.visitingangels.com/senior-homecare-okemos-michigan-48864_730
790,https://www.visitingangels.com/senior-homecare-owosso-michigan-48867_1250
791,https://www.visitingangels.com/senior-homecare-plainwell-michigan-49080_1137
792,https://www.visitingangels.com/senior-homecare-port-huron-michigan-48060_541
793,https://www.visitingangels.com/senior-homecare-portage-michigan-49002_1061
794,https://www.visitingangels.com/senior-homecare-rochester-hills-michigan-48309_832
795,https://www.visitingangels.com/senior-homecare-sterling-heights-michigan-48314_252
796,https://www.visitingangels.com/senior-homecare-mishawaka-indiana-46545_696
797,https://www.visitingangels.com/senior-homecare-flowood-mississippi-39232_937
798,https://www.visitingangels.com/senior-homecare-petal-mississippi-39465_1140
799,https://www.visitingangels.com/senior-homecare-tupelo-mississippi-38804_889
800,https://www.visitingangels.com/senior-homecare-acton-massachusetts-01720_440
801,https://www.visitingangels.com/senior-homecare-boston-massachusetts-02108_1213
802,https://www.visitingangels.com/senior-homecare-chelmsford-massachusetts-01824_1144
803,https://www.visitingangels.com/senior-homecare-chelsea-massachusetts-02150_1064
804,https://www.visitingangels.com/senior-homecare-danvers-massachusetts-01915_1170
805,https://www.visitingangels.com/senior-homecare-harwich-massachusetts-02645_545
806,https://www.visitingangels.com/senior-homecare-leominster-massachusetts-01453_1167
807,https://www.visitingangels.com/senior-homecare-marshfield-massachusetts-02050_1265
808,https://www.visitingangels.com/senior-homecare-medford-massachusetts-02155_595
809,https://www.visitingangels.com/senior-homecare-milford-massachusetts-01757_916
810,https://www.visitingangels.com/senior-homecare-n-attleboro-massachusetts-02760_53
811,https://www.visitingangels.com/senior-homecare-new-bedford-massachusetts-02740_823
812,https://www.visitingangels.com/senior-homecare-newburyport-massachusetts-01950_1274
813,https://www.visitingangels.com/senior-homecare-newton-massachusetts-02458_1188
814,https://www.visitingangels.com/senior-homecare-palmer-massachusetts-01069_1302
815,https://www.visitingangels.com/senior-homecare-pittsfield-massachusetts-01201_986
816,https://www.visitingangels.com/senior-homecare-raynham-massachusetts-02767_1039
817,https://www.visitingangels.com/senior-homecare-shelburne-falls-massachusetts-01370_1184
818,https://www.visitingangels.com/senior-homecare-southbridge-massachusetts-01550_672
819,https://www.visitingangels.com/senior-homecare-sudbury-massachusetts-01776_373
820,https://www.visitingangels.com/senior-homecare-west-springfield-massachusetts-01089_51
821,https://www.visitingangels.com/senior-homecare-worcester-massachusetts-01609_321
822,https://www.visitingangels.com/senior-homecare-overland-park-kansas-66212_743
823,https://www.visitingangels.com/senior-homecare-topeka-kansas-66604_1054
824,https://www.visitingangels.com/senior-homecare-wichita-kansas-67208_1139
825,https://www.visitingangels.com/senior-homecare-edina-minnesota-55435_1290
826,https://www.visitingangels.com/senior-homecare-little-canada-minnesota-55117_587
827,https://www.visitingangels.com/senior-homecare-mankato-minnesota-56001_745
828,https://www.visitingangels.com/senior-homecare-maplewood-minnesota-55119_607
829,https://www.visitingangels.com/senior-homecare-owatonna-minnesota-55060_675
830,https://www.visitingangels.com/senior-homecare-rochester-minnesota-55901_602
831,https://www.visitingangels.com/senior-homecare-st-cloud-minnesota-56304_1295
832,https://www.visitingangels.com/senior-homecare-st-louis-park-minnesota-55416_1189
833,https://www.visitingangels.com/senior-homecare-wayzata-minnesota-55391_751
834,https://www.visitingangels.com/senior-homecare-ames-iowa-50010_1308
835,https://www.visitingangels.com/senior-homecare-bettendorf-iowa-52722_1087
836,https://www.visitingangels.com/senior-homecare-cedar-rapids-iowa-52402_1069
837,https://www.visitingangels.com/senior-homecare-sioux-city-iowa-51108_945
838,https://www.visitingangels.com/senior-homecare-urbandale-iowa-50322_1312
839,https://www.visitingangels.com/senior-homecare-florence-kentucky-41042_50
840,https://www.visitingangels.com/senior-homecare-lexington-kentucky-40503_628
841,https://www.visitingangels.com/senior-homecare-louisville-kentucky-40207_1294
842,https://www.visitingangels.com/senior-homecare-richmond-kentucky-40475_985
843,https://www.visitingangels.com/senior-homecare-simpsonville-kentucky-40067_1318
844,https://www.visitingangels.com/senior-homecare-versailles-kentucky-40383_1194
